{
  "polygon_area_shoelace": 46.3,
  "polygon_area_shapely": 46.3,
  "edge_lengths": [
    5.878783887846192,
    3.905124837953327,
    5.0,
    3.905124837953327,
    8.096919167189457
  ],
  "interior_angles": [
    89.92765809834229,
    104.26020765837359,
    129.8055710922652,
    129.8055710922652,
    86.20099205875376
  ],
  "is_convex": true,
  "centroid_calculated": [
    7.81,
    2.752
  ],
  "centroid_shapely": [
    7.765586753059756,
    3.167660187185025
  ]
}